VARIABLE,VALUE,CATEGORY,PROB
ELEV,129.844213172478817,,0.291526479614963
ELEV,150.322738318210099,,0.290843336160524
ELEV,170.801263463941382,,0.290061868203188
ELEV,191.279788609672636,,0.289182705450600
ELEV,211.758313755403918,,0.288206557346087
ELEV,232.236838901135201,,0.287134212832308
ELEV,252.715364046866455,,0.285966540072695
ELEV,273.193889192597737,,0.284704486126001
ELEV,293.672414338329020,,0.283349076568987
ELEV,314.150939484060302,,0.307375870392794
ELEV,334.629464629791585,,0.342231989726538
ELEV,355.107989775522810,,0.379731054746920
ELEV,375.586514921254093,,0.419754296579276
ELEV,396.065040066985375,,0.462091468713902
ELEV,416.543565212716658,,0.506427941670292
ELEV,437.022090358447940,,0.552335044588774
ELEV,457.500615504179223,,0.599265847412368
ELEV,477.979140649910505,,0.646558860398812
ELEV,498.457665795641788,,0.673303824879480
ELEV,518.936190941373070,,0.685336161884558
ELEV,539.414716087104352,,0.697158503159181
ELEV,559.893241232835635,,0.708759032545264
ELEV,580.371766378566917,,0.720126774358155
ELEV,600.850291524298200,,0.731251629786898
ELEV,621.328816670029482,,0.742124406953694
ELEV,641.807341815760765,,0.752736844459921
ELEV,662.285866961491934,,0.763081628321013
ELEV,682.764392107223216,,0.773152402267899
ELEV,703.242917252954499,,0.782943771467269
ELEV,723.721442398685781,,0.792451299785497
ELEV,744.199967544417063,,0.801671500790398
ELEV,764.678492690148346,,0.810601822750089
ELEV,785.157017835879628,,0.819240627947967
ELEV,805.635542981610911,,0.827587166686510
ELEV,826.114068127342193,,0.835641546399412
ELEV,846.592593273073476,,0.843404696330945
ELEV,867.071118418804758,,0.847801354437810
ELEV,887.549643564536041,,0.842737635752973
ELEV,908.028168710267323,,0.837477010239355
ELEV,928.506693855998606,,0.832016026549265
ELEV,948.985219001729888,,0.826351453890660
ELEV,969.463744147461057,,0.820480308606920
ELEV,989.942269293192339,,0.814399881015409
ELEV,1010.420794438923622,,0.808107762332660
ELEV,1030.899319584654904,,0.801601871500918
ELEV,1051.377844730386187,,0.794880481718892
ELEV,1071.856369876117469,,0.787942246469296
ELEV,1092.334895021848752,,0.780786224827109
ELEV,1112.813420167580034,,0.773411905825960
ELEV,1133.291945313311317,,0.765819231655681
ELEV,1153.770470459042599,,0.758008619462137
ELEV,1174.248995604773881,,0.749980981521148
ELEV,1194.727520750504937,,0.741737743561709
ELEV,1215.206045896236446,,0.733280861019998
ELEV,1235.684571041967502,,0.724612833014790
ELEV,1256.163096187699011,,0.715736713846983
ELEV,1276.641621333430066,,0.706656121840860
ELEV,1297.120146479161576,,0.697375245362425
ELEV,1317.598671624892631,,0.687898845870559
ELEV,1338.077196770624141,,0.678232257879507
ELEV,1358.555721916355196,,0.668381385736321
ELEV,1379.034247062086706,,0.658352697143830
ELEV,1399.512772207817761,,0.648153213388349
ELEV,1419.991297353549271,,0.637790496261197
ELEV,1440.469822499280326,,0.627272631693844
ELEV,1460.948347645011836,,0.616608210157689
ELEV,1481.426872790742891,,0.605806303910725
ELEV,1501.905397936474401,,0.594876441204142
ELEV,1522.383923082205456,,0.583828577591877
ELEV,1542.862448227936966,,0.572673064514866
ELEV,1563.340973373668021,,0.561420615358702
ELEV,1583.819498519399531,,0.550082269208396
ELEV,1604.298023665130586,,0.538669352546436
ELEV,1624.776548810862096,,0.527193439160113
ELEV,1645.255073956593151,,0.515666308540909
ELEV,1665.733599102324661,,0.504099903072221
ELEV,1686.212124248055716,,0.492506284311945
ELEV,1706.690649393787226,,0.480897588683050
ELEV,1727.169174539518281,,0.469285982888419
ELEV,1747.647699685249790,,0.457683619365809
ELEV,1768.126224830980846,,0.446102592094865
ELEV,1788.604749976711901,,0.434554893060820
ELEV,1809.083275122443411,,0.423052369669085
ELEV,1829.561800268174466,,0.411606683391408
ELEV,1850.040325413905975,,0.400229269908059
ELEV,1870.518850559637031,,0.388931300991879
ELEV,1890.997375705368540,,0.377723648359126
ELEV,1911.475900851099595,,0.366616849689521
ELEV,1931.954425996831105,,0.355621076993750
ELEV,1952.432951142562160,,0.344746107481541
ELEV,1972.911476288293670,,0.334001297057513
ELEV,1993.390001434024725,,0.323395556545730
ELEV,2013.868526579756235,,0.312937330717525
ELEV,2034.347051725487290,,0.302634580171206
ELEV,2054.825576871218800,,0.292494766086734
ELEV,2075.304102016949855,,0.282524837854024
ELEV,2095.782627162681365,,0.272731223550032
ELEV,2116.261152308412420,,0.263119823217799
ELEV,2136.739677454143930,,0.253696004880115
ELEV,2157.218202599874985,,0.244464603201703
SLOPE,-4.769332407331595,,0.207651762026962
SLOPE,-4.191229680457921,,0.217205526461530
SLOPE,-3.613126953584247,,0.227132888326731
SLOPE,-3.035024226710573,,0.237441768069446
SLOPE,-2.456921499836899,,0.248139524621402
SLOPE,-1.878818772963225,,0.259232859378263
SLOPE,-1.300716046089550,,0.270727713070860
SLOPE,-0.722613319215877,,0.282629155539250
SLOPE,-0.144510592342202,,0.294941268519377
SLOPE,0.433592134531472,,0.297525564369424
SLOPE,1.011694861405146,,0.296782461402428
SLOPE,1.589797588278820,,0.296040800641947
SLOPE,2.167900315152495,,0.295300581628518
SLOPE,2.746003042026168,,0.294561803887473
SLOPE,3.324105768899842,,0.293824466929040
SLOPE,3.902208495773517,,0.293088570248432
SLOPE,4.480311222647191,,0.292354113325950
SLOPE,5.058413949520864,,0.291621095627075
SLOPE,5.636516676394540,,0.290889516602561
SLOPE,6.214619403268213,,0.290159375688530
SLOPE,6.792722130141887,,0.289430672306569
SLOPE,7.370824857015562,,0.288703405863820
SLOPE,7.948927583889236,,0.287977575753079
SLOPE,8.527030310762910,,0.287253181352885
SLOPE,9.105133037636584,,0.286530222027615
SLOPE,9.683235764510258,,0.285808697127578
SLOPE,10.261338491383931,,0.285088605989103
SLOPE,10.839441218257605,,0.289777984896647
SLOPE,11.417543945131278,,0.302331669878959
SLOPE,11.995646672004955,,0.315300164392914
SLOPE,12.573749398878629,,0.328684406411845
SLOPE,13.151852125752303,,0.342483873091950
SLOPE,13.729954852625976,,0.356696436718537
SLOPE,14.308057579499650,,0.371318217002361
SLOPE,14.886160306373323,,0.386343430992970
SLOPE,15.464263033246997,,0.401764242136842
SLOPE,16.042365760120674,,0.417570610290284
SLOPE,16.620468486994348,,0.433750144798430
SLOPE,17.198571213868021,,0.450287963068740
SLOPE,17.776673940741695,,0.467166557395501
SLOPE,18.354776667615369,,0.484365673124554
SLOPE,18.932879394489042,,0.501862201576815
SLOPE,19.510982121362719,,0.519630091465075
SLOPE,20.089084848236393,,0.537640282828905
SLOPE,20.667187575110066,,0.555860667763012
SLOPE,21.245290301983740,,0.574256082408410
SLOPE,21.823393028857414,,0.592788334794676
SLOPE,22.401495755731087,,0.611416273144647
SLOPE,22.979598482604764,,0.630095899157790
SLOPE,23.557701209478438,,0.648780530551883
SLOPE,24.135803936352112,,0.667421016740980
SLOPE,24.713906663225785,,0.685966010937829
SLOPE,25.292009390099459,,0.704362301170473
SLOPE,25.870112116973132,,0.722555201678273
SLOPE,26.448214843846806,,0.740489004890711
SLOPE,27.026317570720483,,0.758107492689138
SLOPE,27.604420297594153,,0.775354503913211
SLOPE,28.182523024467827,,0.792174553118828
SLOPE,28.760625751341507,,0.808513493456154
SLOPE,29.338728478215181,,0.824319214265009
SLOPE,29.916831205088855,,0.839542361649222
SLOPE,30.494933931962528,,0.854137067979256
SLOPE,31.073036658836202,,0.868061674090604
SLOPE,31.651139385709875,,0.881279426018244
SLOPE,32.229242112583549,,0.889124192194326
SLOPE,32.807344839457222,,0.895168004201867
SLOPE,33.385447566330896,,0.901023859321273
SLOPE,33.963550293204570,,0.906689402447872
SLOPE,34.541653020078243,,0.912162694493360
SLOPE,35.119755746951917,,0.917442222855330
SLOPE,35.697858473825590,,0.922526909984904
SLOPE,36.275961200699271,,0.927416119926639
SLOPE,36.854063927572945,,0.932109662716228
SLOPE,37.432166654446618,,0.931794782371361
SLOPE,38.010269381320292,,0.927894345246691
SLOPE,38.588372108193965,,0.923858598480045
SLOPE,39.166474835067639,,0.919687603924780
SLOPE,39.744577561941313,,0.915381637139826
SLOPE,40.322680288814986,,0.910941185948802
SLOPE,40.900783015688660,,0.906366948275223
SLOPE,41.478885742562333,,0.901659829283471
SLOPE,42.056988469436007,,0.896820937858098
SLOPE,42.635091196309681,,0.891851582456491
SLOPE,43.213193923183354,,0.886753266372096
SLOPE,43.791296650057035,,0.881527682447087
SLOPE,44.369399376930708,,0.876176707274837
SLOPE,44.947502103804382,,0.870702394933589
SLOPE,45.525604830678056,,0.865106970293418
SLOPE,46.103707557551729,,0.859392821939049
SLOPE,46.681810284425403,,0.853562494751171
SLOPE,47.259913011299076,,0.847618682188743
SLOPE,47.838015738172750,,0.846759155623807
SLOPE,48.416118465046424,,0.861031155716205
SLOPE,48.994221191920097,,0.874614431436377
SLOPE,49.572323918793771,,0.887474867800749
SLOPE,50.150426645667444,,0.899584202504655
SLOPE,50.728529372541125,,0.910920571803850
SLOPE,51.306632099414799,,0.921468959417380
SLOPE,51.884734826288472,,0.931221528561201
SLOPE,52.462837553162139,,0.940177819176103
RELIEF,-8.133715936758637,,0.243404531922482
RELIEF,-7.147810974727287,,0.248859290127467
RELIEF,-6.161906012695938,,0.254414684355610
RELIEF,-5.176001050664588,,0.260071495614543
RELIEF,-4.190096088633238,,0.265830451851863
RELIEF,-3.204191126601888,,0.271692224292912
RELIEF,-2.218286164570539,,0.277657423663771
RELIEF,-1.232381202539189,,0.283726596301103
RELIEF,-0.246476240507839,,0.289900220151071
RELIEF,0.739428721523511,,0.298586825157536
RELIEF,1.725333683554862,,0.308298145810991
RELIEF,2.711238645586210,,0.318248768724022
RELIEF,3.697143607617560,,0.328438894802944
RELIEF,4.683048569648911,,0.338868229887741
RELIEF,5.668953531680259,,0.349535948351347
RELIEF,6.654858493711609,,0.360440655992711
RELIEF,7.640763455742960,,0.371580352401980
RELIEF,8.626668417774308,,0.382952393004248
RELIEF,9.612573379805660,,0.394553451018201
RELIEF,10.598478341837009,,0.406379479597713
RELIEF,11.584383303868361,,0.418425674457686
RELIEF,12.570288265899709,,0.430686437320010
RELIEF,13.556193227931058,,0.443155340551310
RELIEF,14.542098189962410,,0.455825093400504
RELIEF,15.528003151993758,,0.468687510281012
RELIEF,16.513908114025106,,0.481733481578963
RELIEF,17.499813076056459,,0.494952947504513
RELIEF,18.485718038087807,,0.508334875537545
RELIEF,19.471623000119155,,0.521867242050918
RELIEF,20.457527962150508,,0.535537018722995
RELIEF,21.443432924181856,,0.549330164375540
RELIEF,22.429337886213208,,0.563231622891908
RELIEF,23.415242848244556,,0.577225327882719
RELIEF,24.401147810275905,,0.591294214770388
RELIEF,25.387052772307253,,0.605420240958783
RELIEF,26.372957734338609,,0.619584414738174
RELIEF,27.358862696369957,,0.633766833547259
RELIEF,28.344767658401306,,0.647946732171745
RELIEF,29.330672620432654,,0.662102541401320
RELIEF,30.316577582464003,,0.676211957592445
RELIEF,31.302482544495358,,0.690252023492008
RELIEF,32.288387506526703,,0.704199220565506
RELIEF,33.274292468558059,,0.718029572942120
RELIEF,34.260197430589400,,0.731718762937645
RELIEF,35.246102392620756,,0.745242257944484
RELIEF,36.232007354652097,,0.758575448286579
RELIEF,37.217912316683453,,0.771693795427165
RELIEF,38.203817278714808,,0.784572989690623
RELIEF,39.189722240746150,,0.797189116418942
RELIEF,40.175627202777505,,0.809518829231947
RELIEF,41.161532164808847,,0.821539528802857
RELIEF,42.147437126840202,,0.833229545302214
RELIEF,43.133342088871558,,0.844568322409927
RELIEF,44.119247050902899,,0.855536600554506
RELIEF,45.105152012934255,,0.866116596818178
RELIEF,46.091056974965596,,0.869889244434727
RELIEF,47.076961936996952,,0.873025335667506
RELIEF,48.062866899028307,,0.876122001829048
RELIEF,49.048771861059649,,0.879178840840217
RELIEF,50.034676823091004,,0.882195468431515
RELIEF,51.020581785122346,,0.885171518545485
RELIEF,52.006486747153701,,0.888106643725381
RELIEF,52.992391709185057,,0.891000515489262
RELIEF,53.978296671216398,,0.893852824688752
RELIEF,54.964201633247754,,0.895522471643183
RELIEF,55.950106595279109,,0.896798943715578
RELIEF,56.936011557310451,,0.898066639990447
RELIEF,57.921916519341806,,0.899325536348689
RELIEF,58.907821481373148,,0.900575609558759
RELIEF,59.893726443404503,,0.901816837282319
RELIEF,60.879631405435859,,0.903049198079703
RELIEF,61.865536367467200,,0.904272671415208
RELIEF,62.851441329498556,,0.905487237662215
RELIEF,63.837346291529897,,0.906692878108111
RELIEF,64.823251253561253,,0.907889574959037
RELIEF,65.809156215592608,,0.909077311344444
RELIEF,66.795061177623950,,0.910256071321457
RELIEF,67.780966139655305,,0.911425839879044
RELIEF,68.766871101686647,,0.912586602941986
RELIEF,69.752776063718002,,0.913738347374658
RELIEF,70.738681025749358,,0.914881060984588
RELIEF,71.724585987780699,,0.916014732525826
RELIEF,72.710490949812055,,0.917139351702107
RELIEF,73.696395911843396,,0.918254909169787
RELIEF,74.682300873874752,,0.919361396540582
RELIEF,75.668205835906093,,0.920458806384088
RELIEF,76.654110797937449,,0.921547132230078
RELIEF,77.640015759968804,,0.922626368570583
RELIEF,78.625920722000146,,0.923696510861754
RELIEF,79.611825684031501,,0.924757555525496
RELIEF,80.597730646062843,,0.925809499950871
RELIEF,81.583635608094198,,0.927813669062445
RELIEF,82.569540570125554,,0.932571767404842
RELIEF,83.555445532156895,,0.937127550772655
RELIEF,84.541350494188251,,0.941481814987121
RELIEF,85.527255456219592,,0.945635833043731
RELIEF,86.513160418250948,,0.949591349287564
RELIEF,87.499065380282303,,0.953350570833443
RELIEF,88.484970342313645,,0.956916156225788
RELIEF,89.470875304345000,,0.960291201359937
NORTHNESS,-1.199820888091311,,0.789350277720239
NORTHNESS,-1.175581723769338,,0.795226969454762
NORTHNESS,-1.151342559447365,,0.800876223597526
NORTHNESS,-1.127103395125391,,0.806301139334482
NORTHNESS,-1.102864230803418,,0.811505055630644
NORTHNESS,-1.078625066481445,,0.816491517970658
NORTHNESS,-1.054385902159471,,0.821264245947521
NORTHNESS,-1.030146737837498,,0.825827101856741
NORTHNESS,-1.005907573515525,,0.830184060429812
NORTHNESS,-0.981668409193552,,0.829180287426119
NORTHNESS,-0.957429244871578,,0.826277747792737
NORTHNESS,-0.933190080549605,,0.823196233024964
NORTHNESS,-0.908950916227632,,0.819932582417469
NORTHNESS,-0.884711751905658,,0.816483583713915
NORTHNESS,-0.860472587583685,,0.812845991563851
NORTHNESS,-0.836233423261712,,0.809016547205825
NORTHNESS,-0.811994258939738,,0.804991999370427
NORTHNESS,-0.787755094617765,,0.800769126384961
NORTHNESS,-0.763515930295792,,0.800664119274259
NORTHNESS,-0.739276765973818,,0.803458475917049
NORTHNESS,-0.715037601651845,,0.806073509333106
NORTHNESS,-0.690798437329872,,0.808511566035613
NORTHNESS,-0.666559273007898,,0.810774908040896
NORTHNESS,-0.642320108685925,,0.812865700013801
NORTHNESS,-0.618080944363952,,0.814785997434603
NORTHNESS,-0.593841780041979,,0.816537735766225
NORTHNESS,-0.569602615720005,,0.818122720597966
NORTHNESS,-0.545363451398032,,0.819542618740018
NORTHNESS,-0.521124287076059,,0.820798950242288
NORTHNESS,-0.496885122754085,,0.821893081310811
NORTHNESS,-0.472645958432112,,0.822826218095710
NORTHNESS,-0.448406794110139,,0.823599401325963
NORTHNESS,-0.424167629788165,,0.824213501768020
NORTHNESS,-0.399928465466192,,0.824669216487791
NORTHNESS,-0.375689301144219,,0.824967065898292
NORTHNESS,-0.351450136822245,,0.825107391578453
NORTHNESS,-0.327210972500272,,0.825090354852062
NORTHNESS,-0.302971808178299,,0.824915936119516
NORTHNESS,-0.278732643856325,,0.824583934938909
NORTHNESS,-0.254493479534352,,0.824093970856882
NORTHNESS,-0.230254315212379,,0.823445484993533
NORTHNESS,-0.206015150890405,,0.822637742389557
NORTHNESS,-0.181775986568432,,0.821669835127396
NORTHNESS,-0.157536822246459,,0.820540686241619
NORTHNESS,-0.133297657924485,,0.819249054436884
NORTHNESS,-0.109058493602512,,0.817793539634549
NORTHNESS,-0.084819329280539,,0.816172589371282
NORTHNESS,-0.060580164958566,,0.814384506074798
NORTHNESS,-0.036341000636592,,0.812427455242927
NORTHNESS,-0.012101836314619,,0.810299474552762
NORTHNESS,0.012137328007354,,0.807998483926279
NORTHNESS,0.036376492329328,,0.805522296577793
NORTHNESS,0.060615656651301,,0.802868631066580
NORTHNESS,0.084854820973274,,0.800035124375174
NORTHNESS,0.109093985295248,,0.797019346029878
NORTHNESS,0.133333149617221,,0.793818813275220
NORTHNESS,0.157572313939194,,0.790431007308052
NORTHNESS,0.181811478261168,,0.786853390570088
NORTHNESS,0.206050642583141,,0.783083425089439
NORTHNESS,0.230289806905114,,0.779118591852727
NORTHNESS,0.254528971227088,,0.774956411179073
NORTHNESS,0.278768135549061,,0.770594464056197
NORTHNESS,0.303007299871034,,0.766030414386736
NORTHNESS,0.327246464193008,,0.761262032080127
NORTHNESS,0.351485628514981,,0.756287216911779
NORTHNESS,0.375724792836954,,0.751104023057178
NORTHNESS,0.399963957158928,,0.745710684194066
NORTHNESS,0.424203121480901,,0.740105639051155
NORTHNESS,0.448442285802874,,0.734287557267098
NORTHNESS,0.472681450124848,,0.728255365409017
NORTHNESS,0.496920614446821,,0.722008272985859
NORTHNESS,0.521159778768794,,0.715545798278646
NORTHNESS,0.545398943090768,,0.708867793797396
NORTHNESS,0.569638107412741,,0.701974471163586
NORTHNESS,0.593877271734714,,0.694866425207600
NORTHNESS,0.618116436056688,,0.687544657063092
NORTHNESS,0.642355600378661,,0.680010596034696
NORTHNESS,0.666594764700634,,0.672266120012476
NORTHNESS,0.690833929022608,,0.664313574205925
NORTHNESS,0.715073093344581,,0.656155787972549
NORTHNESS,0.739312257666554,,0.647796089521267
NORTHNESS,0.763551421988528,,0.639238318278984
NORTHNESS,0.787790586310501,,0.630486834719977
NORTHNESS,0.812029750632474,,0.621546527472153
NORTHNESS,0.836268914954447,,0.612422817531654
NORTHNESS,0.860508079276421,,0.603121659437754
NORTHNESS,0.884747243598394,,0.593649539283218
NORTHNESS,0.908986407920367,,0.584013469461152
NORTHNESS,0.933225572242341,,0.574220980077578
NORTHNESS,0.957464736564314,,0.564280106989072
NORTHNESS,0.981703900886287,,0.554199376456714
NORTHNESS,1.005943065208261,,0.543987786440497
NORTHNESS,1.030182229530234,,0.533654784592187
NORTHNESS,1.054421393852207,,0.523210243038551
NORTHNESS,1.078660558174180,,0.512664430080762
NORTHNESS,1.102899722496154,,0.502027978968680
NORTHNESS,1.127138886818127,,0.491311853940606
NORTHNESS,1.151378051140100,,0.480527313749015
NORTHNESS,1.175617215462074,,0.469685872920602
NORTHNESS,1.199856379784047,,0.458799261024055
EASTNESS,-1.199912591023464,,0.212147425914346
EASTNESS,-1.175671662212734,,0.221432151276598
EASTNESS,-1.151430733402004,,0.230942851681592
EASTNESS,-1.127189804591274,,0.240673619467932
EASTNESS,-1.102948875780543,,0.250617787935607
EASTNESS,-1.078707946969813,,0.260767934982433
EASTNESS,-1.054467018159083,,0.271115891475413
EASTNESS,-1.030226089348352,,0.281652754482235
EASTNESS,-1.005985160537622,,0.292368905442546
EASTNESS,-0.981744231726892,,0.303254033309595
EASTNESS,-0.957503302916161,,0.314297162641008
EASTNESS,-0.933262374105431,,0.325486686563530
EASTNESS,-0.909021445294701,,0.336810404481138
EASTNESS,-0.884780516483971,,0.348255564340152
EASTNESS,-0.860539587673240,,0.359808909209308
EASTNESS,-0.836298658862510,,0.371456727878565
EASTNESS,-0.812057730051780,,0.383184909128268
EASTNESS,-0.787816801241049,,0.394978999271381
EASTNESS,-0.763575872430319,,0.406824262526588
EASTNESS,-0.739334943619589,,0.418705743740116
EASTNESS,-0.715094014808858,,0.430608332939852
EASTNESS,-0.690853085998128,,0.442516831177527
EASTNESS,-0.666612157187398,,0.454416017093933
EASTNESS,-0.642371228376667,,0.466290713628851
EASTNESS,-0.618130299565937,,0.478125854291934
EASTNESS,-0.593889370755207,,0.489906548413372
EASTNESS,-0.569648441944477,,0.501618144803781
EASTNESS,-0.545407513133746,,0.513246293271355
EASTNESS,-0.521166584323016,,0.524777003470472
EASTNESS,-0.496925655512286,,0.536196700589341
EASTNESS,-0.472684726701555,,0.547492277424226
EASTNESS,-0.448443797890825,,0.558651142433627
EASTNESS,-0.424202869080095,,0.569661263416646
EASTNESS,-0.399961940269364,,0.580511206514787
EASTNESS,-0.375721011458634,,0.591190170294478
EASTNESS,-0.351480082647904,,0.601688014727854
EASTNESS,-0.327239153837174,,0.611995284950438
EASTNESS,-0.302998225026443,,0.622103229735580
EASTNESS,-0.278757296215713,,0.632003814685520
EASTNESS,-0.254516367404983,,0.641689730197038
EASTNESS,-0.230275438594252,,0.651154394314686
EASTNESS,-0.206034509783522,,0.660391950635982
EASTNESS,-0.181793580972792,,0.669397261479805
EASTNESS,-0.157552652162061,,0.678165896571126
EASTNESS,-0.133311723351331,,0.686694117531545
EASTNESS,-0.109070794540601,,0.694978858495712
EASTNESS,-0.084829865729871,,0.703017703198266
EASTNESS,-0.060588936919140,,0.710808858894434
EASTNESS,-0.036348008108410,,0.718351127489935
EASTNESS,-0.012107079297680,,0.725643874262565
EASTNESS,0.012133849513051,,0.732686994558906
EASTNESS,0.036374778323781,,0.739480878845586
EASTNESS,0.060615707134511,,0.746026376485734
EASTNESS,0.084856635945242,,0.752324758598180
EASTNESS,0.109097564755972,,0.758377680340210
EASTNESS,0.133338493566702,,0.764187142934805
EASTNESS,0.157579422377432,,0.769755455740782
EASTNESS,0.181820351188163,,0.775085198639875
EASTNESS,0.206061279998893,,0.780179184988884
EASTNESS,0.230302208809623,,0.785040425358351
EASTNESS,0.254543137620354,,0.789672092252097
EASTNESS,0.278784066431084,,0.794077485975033
EASTNESS,0.303024995241814,,0.798260001790189
EASTNESS,0.327265924052545,,0.802223098480392
EASTNESS,0.351506852863275,,0.805970268405731
EASTNESS,0.375747781674005,,0.809505009125121
EASTNESS,0.399988710484735,,0.812830796629197
EASTNESS,0.424229639295466,,0.815951060212533
EASTNESS,0.448470568106196,,0.818869158995923
EASTNESS,0.472711496916927,,0.821588360094326
EASTNESS,0.496952425727657,,0.824111818412904
EASTNESS,0.521193354538387,,0.826442558042653
EASTNESS,0.545434283349117,,0.828583455218093
EASTNESS,0.569675212159848,,0.830537222792561
EASTNESS,0.593916140970578,,0.832306396181509
EASTNESS,0.618157069781308,,0.833893320720977
EASTNESS,0.642397998592039,,0.835300140386760
EASTNESS,0.666638927402769,,0.836528787819754
EASTNESS,0.690879856213499,,0.837580975604295
EASTNESS,0.715120785024230,,0.838458188748974
EASTNESS,0.739361713834960,,0.839161678323108
EASTNESS,0.763602642645690,,0.839692456206868
EASTNESS,0.787843571456420,,0.840507933855185
EASTNESS,0.812084500267151,,0.841788031950060
EASTNESS,0.836325429077881,,0.842893658323711
EASTNESS,0.860566357888611,,0.843826435413919
EASTNESS,0.884807286699342,,0.844587746971229
EASTNESS,0.909048215510072,,0.845178732557899
EASTNESS,0.933289144320802,,0.845600283106197
EASTNESS,0.957530073131532,,0.845853037501001
EASTNESS,0.981771001942263,,0.845937380158819
EASTNESS,1.006011930752993,,0.845583785095350
EASTNESS,1.030252859563723,,0.844249605731087
EASTNESS,1.054493788374454,,0.842740297356049
EASTNESS,1.078734717185184,,0.841053647057395
EASTNESS,1.102975645995915,,0.839187224499871
EASTNESS,1.127216574806645,,0.837138392416774
EASTNESS,1.151457503617375,,0.834904318431128
EASTNESS,1.175698432428105,,0.832481988271654
EASTNESS,1.199939361238835,,0.829868220447734
PLAN_CURV,-3.278001563965890,,0.462513086043126
PLAN_CURV,-3.217725313883648,,0.456561238890407
PLAN_CURV,-3.157449063801406,,0.450599792603109
PLAN_CURV,-3.097172813719164,,0.444630713859420
PLAN_CURV,-3.036896563636922,,0.438655978302557
PLAN_CURV,-2.976620313554680,,0.432677568325762
PLAN_CURV,-2.916344063472438,,0.426697470839693
PLAN_CURV,-2.856067813390195,,0.420717675027294
PLAN_CURV,-2.795791563307953,,0.414740170091283
PLAN_CURV,-2.735515313225711,,0.427083159529611
PLAN_CURV,-2.675239063143469,,0.445907523886855
PLAN_CURV,-2.614962813061227,,0.465134236737126
PLAN_CURV,-2.554686562978985,,0.484730315495060
PLAN_CURV,-2.494410312896743,,0.504658465400013
PLAN_CURV,-2.434134062814501,,0.524877034256012
PLAN_CURV,-2.373857812732258,,0.545340020793988
PLAN_CURV,-2.313581562650016,,0.565997144082371
PLAN_CURV,-2.253305312567774,,0.586793981201716
PLAN_CURV,-2.193029062485532,,0.607672179932624
PLAN_CURV,-2.132752812403290,,0.628569752444824
PLAN_CURV,-2.072476562321048,,0.649421454883135
PLAN_CURV,-2.012200312238806,,0.670159256293854
PLAN_CURV,-1.951924062156564,,0.690712898502619
PLAN_CURV,-1.891647812074322,,0.711010546335011
PLAN_CURV,-1.831371561992080,,0.730979524973948
PLAN_CURV,-1.771095311909838,,0.750547138303658
PLAN_CURV,-1.710819061827596,,0.769641558853729
PLAN_CURV,-1.650542811745354,,0.788192776510918
PLAN_CURV,-1.590266561663112,,0.806133589622646
PLAN_CURV,-1.529990311580870,,0.823400618616650
PLAN_CURV,-1.469714061498628,,0.839935318976240
PLAN_CURV,-1.409437811416386,,0.855684967535266
PLAN_CURV,-1.349161561334144,,0.870603593803799
PLAN_CURV,-1.288885311251902,,0.884652826625228
PLAN_CURV,-1.228609061169660,,0.897802626112530
PLAN_CURV,-1.168332811087418,,0.910031871709048
PLAN_CURV,-1.108056561005176,,0.917393415798618
PLAN_CURV,-1.047780310922934,,0.912472437459481
PLAN_CURV,-0.987504060840691,,0.907348587278377
PLAN_CURV,-0.927227810758449,,0.902019735756228
PLAN_CURV,-0.866951560676207,,0.896484123464861
PLAN_CURV,-0.806675310593965,,0.890740376338773
PLAN_CURV,-0.746399060511723,,0.884787519486370
PLAN_CURV,-0.686122810429481,,0.878624989415772
PLAN_CURV,-0.625846560347239,,0.872252644581271
PLAN_CURV,-0.565570310264997,,0.865670774168385
PLAN_CURV,-0.505294060182755,,0.858880105048074
PLAN_CURV,-0.445017810100513,,0.851881806843990
PLAN_CURV,-0.384741560018271,,0.844677495070340
PLAN_CURV,-0.324465309936028,,0.837269232312046
PLAN_CURV,-0.264189059853786,,0.829659527433147
PLAN_CURV,-0.203912809771544,,0.821851332813691
PLAN_CURV,-0.143636559689302,,0.813848039629537
PLAN_CURV,-0.083360309607060,,0.805653471203407
PLAN_CURV,-0.023084059524818,,0.797271874469039
PLAN_CURV,0.037192190557424,,0.781741096713282
PLAN_CURV,0.097468440639666,,0.765116654661580
PLAN_CURV,0.157744690721908,,0.748065426667809
PLAN_CURV,0.218020940804150,,0.730636162804620
PLAN_CURV,0.278297190886392,,0.712878871480432
PLAN_CURV,0.338573440968634,,0.694844296634780
PLAN_CURV,0.398849691050876,,0.676583419270576
PLAN_CURV,0.459125941133118,,0.658146989544716
PLAN_CURV,0.519402191215360,,0.639585094356174
PLAN_CURV,0.579678441297602,,0.620946764125998
PLAN_CURV,0.639954691379844,,0.602279621287183
PLAN_CURV,0.700230941462086,,0.583629571917265
PLAN_CURV,0.760507191544328,,0.565040540969481
PLAN_CURV,0.820783441626570,,0.546554250699893
PLAN_CURV,0.881059691708812,,0.528210041152847
PLAN_CURV,0.941335941791055,,0.510044730956338
PLAN_CURV,1.001612191873297,,0.492092516188407
PLAN_CURV,1.061888441955539,,0.474384904699847
PLAN_CURV,1.122164692037781,,0.456950683008275
PLAN_CURV,1.182440942120023,,0.439815912704195
PLAN_CURV,1.242717192202266,,0.423003953220074
PLAN_CURV,1.302993442284508,,0.406535507797249
PLAN_CURV,1.363269692366750,,0.390428689531340
PLAN_CURV,1.423545942448992,,0.374699104473923
PLAN_CURV,1.483822192531234,,0.359359948906015
PLAN_CURV,1.544098442613476,,0.344422118067991
PLAN_CURV,1.604374692695718,,0.329894323822291
PLAN_CURV,1.664650942777960,,0.315783218931954
PLAN_CURV,1.724927192860202,,0.302093525853144
PLAN_CURV,1.785203442942444,,0.288828168157626
PLAN_CURV,1.845479693024686,,0.275988402917095
PLAN_CURV,1.905755943106928,,0.263573952591363
PLAN_CURV,1.966032193189170,,0.251583135163844
PLAN_CURV,2.026308443271412,,0.240012991458213
PLAN_CURV,2.086584693353654,,0.228859408747899
PLAN_CURV,2.146860943435896,,0.218117239934228
PLAN_CURV,2.207137193518138,,0.208844063325800
PLAN_CURV,2.267413443600380,,0.202984824087404
PLAN_CURV,2.327689693682622,,0.197241432810335
PLAN_CURV,2.387965943764864,,0.191613707271889
PLAN_CURV,2.448242193847106,,0.186101359522305
PLAN_CURV,2.508518443929348,,0.180704000059873
PLAN_CURV,2.568794694011591,,0.175421142045301
PLAN_CURV,2.629070944093833,,0.170252205541974
PLAN_CURV,2.689347194176075,,0.165196521769348
PROF_CURV,-3.262292015159366,,0.744637058147155
PROF_CURV,-3.199547099883261,,0.744637058147155
PROF_CURV,-3.136802184607156,,0.744637058147155
PROF_CURV,-3.074057269331051,,0.744637058147155
PROF_CURV,-3.011312354054946,,0.744637058147155
PROF_CURV,-2.948567438778841,,0.744637058147155
PROF_CURV,-2.885822523502735,,0.744637058147155
PROF_CURV,-2.823077608226630,,0.744637058147155
PROF_CURV,-2.760332692950525,,0.744637058147155
PROF_CURV,-2.697587777674420,,0.753252728974600
PROF_CURV,-2.634842862398315,,0.764606885848210
PROF_CURV,-2.572097947122211,,0.775794401453017
PROF_CURV,-2.509353031846106,,0.786799965776852
PROF_CURV,-2.446608116570001,,0.797608512802022
PROF_CURV,-2.383863201293896,,0.808205302129795
PROF_CURV,-2.321118286017791,,0.818576002700254
PROF_CURV,-2.258373370741686,,0.828706777962528
PROF_CURV,-2.195628455465580,,0.838584371775366
PROF_CURV,-2.132883540189475,,0.848196194246270
PROF_CURV,-2.070138624913370,,0.857530406650213
PROF_CURV,-2.007393709637265,,0.866576004508668
PROF_CURV,-1.944648794361161,,0.875322897857803
PROF_CURV,-1.881903879085056,,0.883761987693599
PROF_CURV,-1.819158963808950,,0.891885237553286
PROF_CURV,-1.756414048532845,,0.899685739178880
PROF_CURV,-1.693669133256740,,0.907157771211830
PROF_CURV,-1.630924217980635,,0.914296849889538
PROF_CURV,-1.568179302704530,,0.916578748532890
PROF_CURV,-1.505434387428426,,0.912344592824932
PROF_CURV,-1.442689472152320,,0.907986378062370
PROF_CURV,-1.379944556876215,,0.903504849437477
PROF_CURV,-1.317199641600110,,0.898900927810577
PROF_CURV,-1.254454726324005,,0.894175706478449
PROF_CURV,-1.191709811047900,,0.889330447463606
PROF_CURV,-1.128964895771795,,0.884366577353638
PROF_CURV,-1.066219980495690,,0.879285682720949
PROF_CURV,-1.003475065219585,,0.874089505154114
PROF_CURV,-0.940730149943480,,0.868779935932750
PROF_CURV,-0.877985234667375,,0.863359010378189
PROF_CURV,-0.815240319391270,,0.857828901912511
PROF_CURV,-0.752495404115165,,0.852191915858417
PROF_CURV,-0.689750488839060,,0.846450483012331
PROF_CURV,-0.627005573562955,,0.840607153022665
PROF_CURV,-0.564260658286850,,0.834664587604716
PROF_CURV,-0.501515743010745,,0.828625553622946
PROF_CURV,-0.438770827734640,,0.823007472777476
PROF_CURV,-0.376025912458535,,0.823007472777476
PROF_CURV,-0.313280997182430,,0.823007472777476
PROF_CURV,-0.250536081906325,,0.823007472777476
PROF_CURV,-0.187791166630220,,0.823007472777476
PROF_CURV,-0.125046251354115,,0.823007472777476
PROF_CURV,-0.062301336078010,,0.823007472777476
PROF_CURV,0.000443579198095,,0.823007472777476
PROF_CURV,0.063188494474200,,0.823007472777476
PROF_CURV,0.125933409750305,,0.823007472777476
PROF_CURV,0.188678325026410,,0.823007472777476
PROF_CURV,0.251423240302515,,0.823007472777476
PROF_CURV,0.314168155578620,,0.823007472777476
PROF_CURV,0.376913070854725,,0.823007472777476
PROF_CURV,0.439657986130830,,0.823007472777476
PROF_CURV,0.502402901406935,,0.823007472777476
PROF_CURV,0.565147816683040,,0.823007472777476
PROF_CURV,0.627892731959145,,0.823007472777476
PROF_CURV,0.690637647235250,,0.823007472777476
PROF_CURV,0.753382562511355,,0.823007472777476
PROF_CURV,0.816127477787460,,0.823007472777476
PROF_CURV,0.878872393063565,,0.823007472777476
PROF_CURV,0.941617308339670,,0.823007472777476
PROF_CURV,1.004362223615775,,0.823007472777476
PROF_CURV,1.067107138891880,,0.823007472777476
PROF_CURV,1.129852054167985,,0.823007472777476
PROF_CURV,1.192596969444090,,0.823007472777476
PROF_CURV,1.255341884720195,,0.823007472777476
PROF_CURV,1.318086799996300,,0.804035471844601
PROF_CURV,1.380831715272405,,0.769843822107120
PROF_CURV,1.443576630548510,,0.733942345546136
PROF_CURV,1.506321545824616,,0.696808577589277
PROF_CURV,1.569066461100721,,0.658917790966229
PROF_CURV,1.631811376376826,,0.620724565302690
PROF_CURV,1.694556291652931,,0.582648649140538
PROF_CURV,1.757301206929036,,0.545065130650178
PROF_CURV,1.820046122205140,,0.508298578796233
PROF_CURV,1.882791037481245,,0.472620599362959
PROF_CURV,1.945535952757350,,0.438250148463852
PROF_CURV,2.008280868033455,,0.405355931979871
PROF_CURV,2.071025783309560,,0.374060264750600
PROF_CURV,2.133770698585665,,0.344443843851699
PROF_CURV,2.196515613861770,,0.316550986728745
PROF_CURV,2.259260529137875,,0.290394983569947
PROF_CURV,2.322005444413980,,0.265963305197575
PROF_CURV,2.384750359690085,,0.243222487959768
PROF_CURV,2.447495274966190,,0.227246960840678
PROF_CURV,2.510240190242295,,0.227246960840678
PROF_CURV,2.572985105518400,,0.227246960840678
PROF_CURV,2.635730020794505,,0.227246960840678
PROF_CURV,2.698474936070610,,0.227246960840678
PROF_CURV,2.761219851346715,,0.227246960840678
PROF_CURV,2.823964766622820,,0.227246960840678
PROF_CURV,2.886709681898926,,0.227246960840678
PROF_CURV,2.949454597175030,,0.227246960840678
TWI,1.573512403171432,,0.855997868552799
TWI,1.792456211793736,,0.855997868552799
TWI,2.011400020416040,,0.855997868552799
TWI,2.230343829038345,,0.855997868552799
TWI,2.449287637660649,,0.855997868552799
TWI,2.668231446282953,,0.855997868552799
TWI,2.887175254905257,,0.855997868552799
TWI,3.106119063527562,,0.855997868552799
TWI,3.325062872149866,,0.855997868552799
TWI,3.544006680772170,,0.853486136624515
TWI,3.762950489394474,,0.850104824941759
TWI,3.981894298016778,,0.846687038092978
TWI,4.200838106639083,,0.843233313246031
TWI,4.419781915261387,,0.839744201514546
TWI,4.638725723883692,,0.836220267450182
TWI,4.857669532505996,,0.832662088529811
TWI,5.076613341128300,,0.829070254638442
TWI,5.295557149750604,,0.825445367548562
TWI,5.514500958372908,,0.821788040396714
TWI,5.733444766995213,,0.818098897157975
TWI,5.952388575617517,,0.814378572119066
TWI,6.171332384239822,,0.810627709350776
TWI,6.390276192862125,,0.806846962180380
TWI,6.609220001484429,,0.803036992664654
TWI,6.828163810106734,,0.799198471064191
TWI,7.047107618729038,,0.795332075319546
TWI,7.266051427351343,,0.791438490529850
TWI,7.484995235973647,,0.793575607379250
TWI,7.703939044595950,,0.804042927355442
TWI,7.922882853218255,,0.814298466180629
TWI,8.141826661840559,,0.824328999261747
TWI,8.360770470462864,,0.834121804574919
TWI,8.579714279085168,,0.843664740408042
TWI,8.798658087707473,,0.852946322626435
TWI,9.017601896329776,,0.861955800685481
TWI,9.236545704952080,,0.870683231566533
TWI,9.455489513574385,,0.879119550772829
TWI,9.674433322196689,,0.887256639492303
TWI,9.893377130818992,,0.895087387016002
TWI,10.112320939441297,,0.902605747495604
TWI,10.331264748063601,,0.909806790133095
TWI,10.550208556685906,,0.916686741921427
TWI,10.769152365308210,,0.923243022097888
TWI,10.988096173930515,,0.929474267533283
TWI,11.207039982552818,,0.935380348360137
TWI,11.425983791175122,,0.940962373242306
TWI,11.644927599797427,,0.946222683806396
TWI,11.863871408419731,,0.951164837891323
TWI,12.082815217042036,,0.955793581424943
TWI,12.301759025664341,,0.960114808903929
TWI,12.520702834286643,,0.964135512632441
TWI,12.739646642908948,,0.967863721063349
TWI,12.958590451531252,,0.971308426779229
TWI,13.177534260153557,,0.974479504844569
TWI,13.396478068775862,,0.977387622451003
TWI,13.615421877398166,,0.980044140958819
TWI,13.834365686020469,,0.982461011605104
TWI,14.053309494642773,,0.984650666296553
TWI,14.272253303265078,,0.986625905027800
TWI,14.491197111887383,,0.988399781559539
TWI,14.710140920509687,,0.989985489050252
TWI,14.929084729131992,,0.991396247357710
TWI,15.148028537754294,,0.992645193709034
TWI,15.366972346376599,,0.993745278379618
TWI,15.585916154998904,,0.994709166921723
TWI,15.804859963621208,,0.995549150344315
TWI,16.023803772243514,,0.996277064469738
TWI,16.242747580865817,,0.996904219484272
TWI,16.461691389488120,,0.997441340464336
TWI,16.680635198110426,,0.997898519404835
TWI,16.899579006732729,,0.998285179008864
TWI,17.118522815355036,,0.998610048227186
TWI,17.337466623977338,,0.998881149270516
TWI,17.556410432599641,,0.999105795566487
TWI,17.775354241221947,,0.999290599904666
TWI,17.994298049844250,,0.999441491814645
TWI,18.213241858466553,,0.999563743060357
TWI,18.432185667088859,,0.999662000013153
TWI,18.651129475711162,,0.999740321589704
TWI,18.870073284333468,,0.999802221409560
TWI,19.089017092955771,,0.999850712840196
TWI,19.307960901578078,,0.999888355651648
TWI,19.526904710200380,,0.999917303093891
TWI,19.745848518822683,,0.999939348331699
TWI,19.964792327444989,,0.999955969316864
TWI,20.183736136067292,,0.999968371338367
TWI,20.402679944689599,,0.999977526659532
TWI,20.621623753311901,,0.999984210819563
TWI,20.840567561934204,,0.999989035338069
TWI,21.059511370556510,,0.999992476709324
TWI,21.278455179178813,,0.999994901703221
TWI,21.497398987801120,,0.999996223925469
TWI,21.716342796423422,,0.999996223925469
TWI,21.935286605045729,,0.999996223925469
TWI,22.154230413668031,,0.999996223925469
TWI,22.373174222290334,,0.999996223925469
TWI,22.592118030912641,,0.999996223925469
TWI,22.811061839534943,,0.999996223925469
TWI,23.030005648157250,,0.999996223925469
TWI,23.248949456779552,,0.999996223925469
DIST_STREAM,-127.656349943666157,,0.921308879385654
DIST_STREAM,-112.182852980797534,,0.921151900472317
DIST_STREAM,-96.709356017928911,,0.921045869443720
DIST_STREAM,-81.235859055060288,,0.920990911213840
DIST_STREAM,-65.762362092191665,,0.920987090483604
DIST_STREAM,-50.288865129323042,,0.921034411749925
DIST_STREAM,-34.815368166454419,,0.921132819306337
DIST_STREAM,-19.341871203585796,,0.921282197235191
DIST_STREAM,-3.868374240717174,,0.921482369391874
DIST_STREAM,11.605122722151464,,0.917568294326555
DIST_STREAM,27.078619685020072,,0.912136265434483
DIST_STREAM,42.552116647888681,,0.906555484289388
DIST_STREAM,58.025613610757318,,0.900833536121998
DIST_STREAM,73.499110573625956,,0.894978289520107
DIST_STREAM,88.972607536494564,,0.888997844633358
DIST_STREAM,104.446104499363173,,0.882900483228814
DIST_STREAM,119.919601462231810,,0.876694620921680
DIST_STREAM,135.393098425100447,,0.870388761843019
DIST_STREAM,150.866595387969085,,0.863991455947837
DIST_STREAM,166.340092350837665,,0.857511259112972
DIST_STREAM,181.813589313706302,,0.850956696125059
DIST_STREAM,197.287086276574939,,0.844336226614638
DIST_STREAM,212.760583239443520,,0.837658213953311
DIST_STREAM,228.234080202312157,,0.830930897096447
DIST_STREAM,243.707577165180794,,0.824162365324451
DIST_STREAM,259.181074128049431,,0.817360535810452
DIST_STREAM,274.654571090918068,,0.810533133921509
DIST_STREAM,290.128068053786649,,0.807325155153473
DIST_STREAM,305.601565016655286,,0.809257506459199
DIST_STREAM,321.075061979523923,,0.811262401362712
DIST_STREAM,336.548558942392503,,0.813338724771068
DIST_STREAM,352.022055905261141,,0.815485296612522
DIST_STREAM,367.495552868129778,,0.817700869717707
DIST_STREAM,382.969049830998415,,0.819984127682545
DIST_STREAM,398.442546793867052,,0.822333682723129
DIST_STREAM,413.916043756735633,,0.824748073533745
DIST_STREAM,429.389540719604327,,0.827225763160201
DIST_STREAM,444.863037682472907,,0.829765136901640
DIST_STREAM,460.336534645341487,,0.832364500255143
DIST_STREAM,475.810031608210181,,0.835022076918535
DIST_STREAM,491.283528571078762,,0.837736006867991
DIST_STREAM,506.757025533947342,,0.840504344528298
DIST_STREAM,522.230522496816093,,0.843325057054834
DIST_STREAM,537.704019459684559,,0.846196022747685
DIST_STREAM,553.177516422553254,,0.849115029619555
DIST_STREAM,568.651013385421948,,0.852079774140523
DIST_STREAM,584.124510348290414,,0.855087860183992
DIST_STREAM,599.598007311159108,,0.858136798199461
DIST_STREAM,615.071504274027802,,0.861224004639119
DIST_STREAM,630.545001236896269,,0.864346801666420
DIST_STREAM,646.018498199764963,,0.867502417176022
DIST_STREAM,661.491995162633657,,0.870687985155566
DIST_STREAM,676.965492125502351,,0.873900546420734
DIST_STREAM,692.438989088370818,,0.877137049755911
DIST_STREAM,707.912486051239512,,0.880394353493396
DIST_STREAM,723.385983014108206,,0.882128740204974
DIST_STREAM,738.859479976976672,,0.883773976712196
DIST_STREAM,754.332976939845366,,0.885470147309700
DIST_STREAM,769.806473902714060,,0.887215682945855
DIST_STREAM,785.279970865582527,,0.889008945556174
DIST_STREAM,800.753467828451221,,0.890848227597654
DIST_STREAM,816.226964791319915,,0.892731751695231
DIST_STREAM,831.700461754188382,,0.894657670415937
DIST_STREAM,847.173958717057076,,0.896624066187089
DIST_STREAM,862.647455679925770,,0.898628951375520
DIST_STREAM,878.120952642794236,,0.900670268545508
DIST_STREAM,893.594449605662930,,0.902745890913705
DIST_STREAM,909.067946568531625,,0.904853623019902
DIST_STREAM,924.541443531400319,,0.906991201632947
DIST_STREAM,940.014940494268785,,0.909156296911567
DIST_STREAM,955.488437457137479,,0.911346513840106
DIST_STREAM,970.961934420006173,,0.913559393959386
DIST_STREAM,986.435431382874867,,0.915792417412955
DIST_STREAM,1001.908928345743334,,0.918043005328836
DIST_STREAM,1017.382425308612028,,0.920308522556612
DIST_STREAM,1032.855922271480722,,0.922586280779186
DIST_STREAM,1048.329419234349189,,0.924873542017800
DIST_STREAM,1063.802916197217883,,0.927167522547938
DIST_STREAM,1079.276413160086577,,0.929465397242473
DIST_STREAM,1094.749910122955043,,0.931764304356831
DIST_STREAM,1110.223407085823737,,0.934061350769099
DIST_STREAM,1125.696904048692431,,0.936353617685686
DIST_STREAM,1141.170401011560898,,0.938638166820594
DIST_STREAM,1156.643897974429592,,0.940912047053260
DIST_STREAM,1172.117394937298286,,0.943172301566522
DIST_STREAM,1187.590891900166753,,0.945415975462323
DIST_STREAM,1203.064388863035447,,0.947640123848482
DIST_STREAM,1218.537885825904141,,0.949841820384980
DIST_STREAM,1234.011382788772607,,0.952018166272984
DIST_STREAM,1249.484879751641301,,0.954166299664087
DIST_STREAM,1264.958376714509996,,0.956283405461036
DIST_STREAM,1280.431873677378690,,0.958587718468227
DIST_STREAM,1295.905370640247156,,0.961472872828936
DIST_STREAM,1311.378867603115850,,0.964246062414945
DIST_STREAM,1326.852364565984544,,0.966905228288680
DIST_STREAM,1342.325861528853011,,0.969448691594027
DIST_STREAM,1357.799358491721705,,0.971875171037198
DIST_STREAM,1373.272855454590399,,0.974183798018755
DIST_STREAM,1388.746352417458866,,0.976374129076271
DIST_STREAM,1404.219849380327560,,0.978446155305531
RAIN_4DAY,5.116832353604034,,0.001467120632861
RAIN_4DAY,5.415018389429882,,0.001533203908442
RAIN_4DAY,5.713204425255729,,0.001602261373413
RAIN_4DAY,6.011390461081578,,0.001674426666043
RAIN_4DAY,6.309576496907426,,0.001749839409032
RAIN_4DAY,6.607762532733274,,0.001828645475630
RAIN_4DAY,6.905948568559122,,0.001910997267408
RAIN_4DAY,7.204134604384970,,0.001997054004195
RAIN_4DAY,7.502320640210819,,0.002086982026678
RAIN_4DAY,7.800506676036666,,0.003561545138055
RAIN_4DAY,8.098692711862515,,0.007151440484838
RAIN_4DAY,8.396878747688362,,0.014333687413291
RAIN_4DAY,8.695064783514210,,0.028624385375468
RAIN_4DAY,8.993250819340059,,0.056746792816173
RAIN_4DAY,9.291436855165907,,0.110875284644311
RAIN_4DAY,9.589622890991755,,0.210532667235737
RAIN_4DAY,9.887808926817602,,0.378445696885338
RAIN_4DAY,10.185994962643452,,0.615792465314911
RAIN_4DAY,10.484180998469299,,0.705137786140257
RAIN_4DAY,10.782367034295147,,0.675935552661550
RAIN_4DAY,11.080553070120995,,0.646432500965078
RAIN_4DAY,11.378739105946842,,0.616833798487134
RAIN_4DAY,11.676925141772692,,0.587330642044595
RAIN_4DAY,11.975111177598539,,0.558097773689134
RAIN_4DAY,12.273297213424387,,0.529291848360842
RAIN_4DAY,12.571483249250235,,0.501050558335963
RAIN_4DAY,12.869669285076084,,0.473492405098266
RAIN_4DAY,13.167855320901932,,0.463891299060436
RAIN_4DAY,13.466041356727780,,0.478747350401975
RAIN_4DAY,13.764227392553627,,0.493833329927231
RAIN_4DAY,14.062413428379475,,0.509132969756596
RAIN_4DAY,14.360599464205324,,0.524628310260122
RAIN_4DAY,14.658785500031172,,0.540299673448967
RAIN_4DAY,14.956971535857020,,0.556125648584460
RAIN_4DAY,15.255157571682869,,0.572083091682634
RAIN_4DAY,15.553343607508717,,0.588147140622947
RAIN_4DAY,15.851529643334564,,0.604291247572841
RAIN_4DAY,16.149715679160412,,0.620487230409214
RAIN_4DAY,16.447901714986259,,0.636705344748119
RAIN_4DAY,16.746087750812109,,0.652914378079393
RAIN_4DAY,17.044273786637959,,0.669081767337674
RAIN_4DAY,17.342459822463805,,0.685173741020246
RAIN_4DAY,17.640645858289652,,0.701155486680433
RAIN_4DAY,17.938831894115502,,0.716991344279335
RAIN_4DAY,18.237017929941349,,0.732645025465840
RAIN_4DAY,18.535203965767195,,0.748079858374410
RAIN_4DAY,18.833390001593045,,0.763259056983325
RAIN_4DAY,19.131576037418895,,0.778146013466904
RAIN_4DAY,19.429762073244738,,0.792704611310393
RAIN_4DAY,19.727948109070589,,0.806899556246087
RAIN_4DAY,20.026134144896439,,0.820696721327862
RAIN_4DAY,20.324320180722285,,0.834063501706510
RAIN_4DAY,20.622506216548132,,0.846969173922295
RAIN_4DAY,20.920692252373982,,0.859385253819994
RAIN_4DAY,21.218878288199832,,0.871285846545219
RAIN_4DAY,21.517064324025675,,0.872527074160615
RAIN_4DAY,21.815250359851525,,0.872825118358727
RAIN_4DAY,22.113436395677375,,0.873122803212998
RAIN_4DAY,22.411622431503218,,0.873420128365297
RAIN_4DAY,22.709808467329069,,0.873717093458945
RAIN_4DAY,23.007994503154919,,0.874013698138713
RAIN_4DAY,23.306180538980769,,0.874309942050828
RAIN_4DAY,23.604366574806612,,0.874605824842975
RAIN_4DAY,23.902552610632462,,0.874901346164297
RAIN_4DAY,24.200738646458312,,0.875196505665408
RAIN_4DAY,24.498924682284155,,0.875491302998385
RAIN_4DAY,24.797110718110005,,0.875785737816778
RAIN_4DAY,25.095296753935855,,0.876079809775612
RAIN_4DAY,25.393482789761705,,0.876373518531389
RAIN_4DAY,25.691668825587548,,0.876666863742094
RAIN_4DAY,25.989854861413399,,0.876959845067194
RAIN_4DAY,26.288040897239249,,0.877252462167644
RAIN_4DAY,26.586226933065092,,0.877544714705893
RAIN_4DAY,26.884412968890942,,0.877836602345880
RAIN_4DAY,27.182599004716792,,0.878128124753040
RAIN_4DAY,27.480785040542642,,0.878419281594317
RAIN_4DAY,27.778971076368485,,0.878710072538151
RAIN_4DAY,28.077157112194335,,0.879000497254488
RAIN_4DAY,28.375343148020185,,0.879290555414790
RAIN_4DAY,28.673529183846028,,0.879580246692028
RAIN_4DAY,28.971715219671879,,0.879869570760691
RAIN_4DAY,29.269901255497729,,0.880158527296784
RAIN_4DAY,29.568087291323579,,0.880447115977840
RAIN_4DAY,29.866273327149422,,0.880735336482916
RAIN_4DAY,30.164459362975272,,0.881023188492593
RAIN_4DAY,30.462645398801122,,0.881310671688991
RAIN_4DAY,30.760831434626965,,0.881597785755760
RAIN_4DAY,31.059017470452815,,0.881884530378090
RAIN_4DAY,31.357203506278665,,0.882170905242711
RAIN_4DAY,31.655389542104515,,0.882456910037899
RAIN_4DAY,31.953575577930359,,0.882742544453476
RAIN_4DAY,32.251761613756209,,0.885706633090117
RAIN_4DAY,32.549947649582059,,0.896352446977930
RAIN_4DAY,32.848133685407902,,0.906420007827542
RAIN_4DAY,33.146319721233752,,0.915897946842329
RAIN_4DAY,33.444505757059602,,0.924778902850511
RAIN_4DAY,33.742691792885445,,0.933059652109742
RAIN_4DAY,34.040877828711295,,0.940741177294849
RAIN_4DAY,34.339063864537145,,0.947828670656343
RAIN_4DAY,34.637249900362988,,0.954331467756620
LANDCOVER,,0,0.831602869253775
LANDCOVER,,1,0.823007472777476
LANDCOVER,,2,0.984282027430977
LANDCOVER,,3,0.993763060833505
LANDCOVER,,4,0.992970492261073
