CUTOFF,FPR,TPR,FNR,TNR,SENSE,SPEC
0.010000000000000,0.902033653349850,1.000000000000000,0.000000000000000,0.097966346650150,1.000000000000000,0.097966346650150
0.020000000000000,0.795499122535357,0.995488721804511,0.004511278195489,0.204500877464643,0.995488721804511,0.204500877464643
0.030000000000000,0.706823577991122,0.995488721804511,0.004511278195489,0.293176422008878,0.995488721804511,0.293176422008878
0.040000000000000,0.640136265097553,0.984962406015038,0.015037593984962,0.359863734902447,0.984962406015038,0.359863734902447
0.050000000000000,0.585939919479715,0.981954887218045,0.018045112781955,0.414060080520285,0.981954887218045,0.414060080520285
0.060000000000000,0.537627748528956,0.971428571428571,0.028571428571429,0.462372251471044,0.971428571428571,0.462372251471044
0.070000000000000,0.496954681531950,0.968421052631579,0.031578947368421,0.503045318468050,0.968421052631579,0.503045318468050
0.080000000000000,0.466191803447920,0.963909774436090,0.036090225563910,0.533808196552080,0.963909774436090,0.533808196552080
0.090000000000000,0.435119231960359,0.956390977443609,0.043609022556391,0.564880768039641,0.956390977443609,0.564880768039641
0.100000000000000,0.410034066274388,0.948872180451128,0.051127819548872,0.589965933725612,0.948872180451128,0.589965933725612
0.110000000000000,0.386497367606070,0.944360902255639,0.055639097744361,0.613502632393930,0.944360902255639,0.613502632393930
0.120000000000000,0.366986683183648,0.935338345864662,0.064661654135338,0.633013316816352,0.935338345864662,0.633013316816352
0.130000000000000,0.347166305357696,0.933834586466165,0.066165413533835,0.652833694642304,0.933834586466165,0.652833694642304
0.140000000000000,0.328894394549396,0.930827067669173,0.069172932330827,0.671105605450604,0.930827067669173,0.671105605450604
0.150000000000000,0.314545266852483,0.921804511278196,0.078195488721805,0.685454733147517,0.921804511278196,0.685454733147517
0.160000000000000,0.301331681635181,0.917293233082707,0.082706766917293,0.698668318364819,0.917293233082707,0.698668318364819
0.170000000000000,0.287911634148859,0.906766917293233,0.093233082706767,0.712088365851141,0.906766917293233,0.712088365851141
0.180000000000000,0.274904511200578,0.899248120300752,0.100751879699248,0.725095488799422,0.899248120300752,0.725095488799422
0.190000000000000,0.264994322287602,0.896240601503759,0.103759398496241,0.735005677712398,0.896240601503759,0.735005677712398
0.200000000000000,0.255187364509136,0.884210526315789,0.115789473684211,0.744812635490864,0.884210526315789,0.744812635490864
0.210000000000000,0.245173944461650,0.882706766917293,0.117293233082707,0.754826055538350,0.882706766917293,0.754826055538350
0.220000000000000,0.234850831010633,0.879699248120301,0.120300751879699,0.765149168989367,0.879699248120301,0.765149168989367
0.230000000000000,0.226179415711779,0.870676691729323,0.129323308270677,0.773820584288221,0.870676691729323,0.773820584288221
0.240000000000000,0.217095075874884,0.869172932330827,0.130827067669173,0.782904924125116,0.869172932330827,0.782904924125116
0.250000000000000,0.209868896459172,0.863157894736842,0.136842105263158,0.790131103540828,0.863157894736842,0.790131103540828
0.260000000000000,0.202436254774440,0.860150375939850,0.139849624060150,0.797563745225560,0.860150375939850,0.797563745225560
0.270000000000000,0.195313306493238,0.858646616541353,0.141353383458647,0.804686693506762,0.858646616541353,0.804686693506762
0.280000000000000,0.188809745019098,0.854135338345865,0.145864661654135,0.811190254980902,0.854135338345865,0.811190254980902
0.290000000000000,0.181686796737896,0.848120300751880,0.151879699248120,0.818313203262104,0.848120300751880,0.818313203262104
0.300000000000000,0.174976772994735,0.848120300751880,0.151879699248120,0.825023227005265,0.848120300751880,0.825023227005265
0.310000000000000,0.170021678538247,0.840601503759398,0.159398496240602,0.829978321461753,0.840601503759398,0.829978321461753
0.320000000000000,0.164963352947249,0.837593984962406,0.162406015037594,0.835036647052751,0.837593984962406,0.835036647052751
0.330000000000000,0.160834107566842,0.834586466165414,0.165413533834586,0.839165892433158,0.834586466165414,0.839165892433158
0.340000000000000,0.155569319706824,0.827067669172932,0.172932330827068,0.844430680293176,0.827067669172932,0.844430680293176
0.350000000000000,0.150614225250335,0.816541353383459,0.183458646616541,0.849385774749664,0.816541353383459,0.849385774749664
0.360000000000000,0.146484979869929,0.810526315789474,0.189473684210526,0.853515020130071,0.810526315789474,0.853515020130071
0.370000000000000,0.142458965624032,0.806015037593985,0.193984962406015,0.857541034375968,0.806015037593985,0.857541034375968
0.380000000000000,0.138020026840095,0.796992481203007,0.203007518796992,0.861979973159905,0.796992481203007,0.861979973159905
0.390000000000000,0.132755238980076,0.790977443609023,0.209022556390977,0.867244761019924,0.790977443609023,0.867244761019924
0.400000000000000,0.126871064312997,0.787969924812030,0.212030075187970,0.873128935687003,0.787969924812030,0.873128935687003
0.410000000000000,0.122948281201610,0.781954887218045,0.218045112781955,0.877051718798390,0.781954887218045,0.877051718798390
0.420000000000000,0.119025498090224,0.768421052631579,0.231578947368421,0.880974501909776,0.768421052631579,0.880974501909776
0.430000000000000,0.114999483844327,0.762406015037594,0.237593984962406,0.885000516155673,0.762406015037594,0.885000516155673
0.440000000000000,0.110457313925880,0.759398496240602,0.240601503759398,0.889542686074120,0.759398496240602,0.889542686074120
0.450000000000000,0.106844224218024,0.750375939849624,0.249624060150376,0.893155775781976,0.750375939849624,0.893155775781976
0.460000000000000,0.103334365644678,0.744360902255639,0.255639097744361,0.896665634355322,0.744360902255639,0.896665634355322
0.470000000000000,0.100340662743884,0.739849624060150,0.260150375939850,0.899659337256116,0.739849624060150,0.899659337256116
0.480000000000000,0.097450190977599,0.735338345864662,0.264661654135338,0.902549809022401,0.735338345864662,0.902549809022401
0.490000000000000,0.093114483328172,0.726315789473684,0.273684210526316,0.906885516671828,0.726315789473684,0.906885516671828
0.500000000000000,0.090327242696397,0.721804511278195,0.278195488721804,0.909672757303603,0.721804511278195,0.909672757303603
0.510000000000000,0.088159388871684,0.718796992481203,0.281203007518797,0.911840611128316,0.718796992481203,0.911840611128316
0.520000000000000,0.085785072777950,0.711278195488722,0.288721804511278,0.914214927222050,0.711278195488722,0.914214927222050
0.530000000000000,0.083513987818726,0.702255639097744,0.297744360902256,0.916486012181274,0.702255639097744,0.916486012181274
0.540000000000000,0.080829978321462,0.694736842105263,0.305263157894737,0.919170021678538,0.694736842105263,0.919170021678538
0.550000000000000,0.078558893362238,0.682706766917293,0.317293233082707,0.921441106637762,0.682706766917293,0.921441106637762
0.560000000000000,0.076184577268504,0.675187969924812,0.324812030075188,0.923815422731496,0.675187969924812,0.923815422731496
0.570000000000000,0.074016723443791,0.667669172932331,0.332330827067669,0.925983276556209,0.667669172932331,0.925983276556209
0.580000000000000,0.071539176215547,0.658646616541353,0.341353383458647,0.928460823784453,0.658646616541353,0.928460823784453
0.590000000000000,0.069061628987303,0.648120300751880,0.351879699248120,0.930938371012697,0.648120300751880,0.930938371012697
0.600000000000000,0.067203468566120,0.643609022556391,0.356390977443609,0.932796531433880,0.643609022556391,0.932796531433880
0.610000000000000,0.065242077010426,0.637593984962406,0.362406015037594,0.934757922989574,0.637593984962406,0.934757922989574
0.620000000000000,0.063383916589243,0.627067669172932,0.372932330827068,0.936616083410757,0.627067669172932,0.936616083410757
0.630000000000000,0.060699907091979,0.615037593984962,0.384962406015038,0.939300092908021,0.615037593984962,0.939300092908021
0.640000000000000,0.057706204191184,0.604511278195489,0.395488721804511,0.942293795808816,0.604511278195489,0.942293795808816
0.650000000000000,0.055435119231960,0.593984962406015,0.406015037593985,0.944564880768040,0.593984962406015,0.944564880768040
0.660000000000000,0.053267265407247,0.586466165413534,0.413533834586466,0.946732734592753,0.586466165413534,0.946732734592753
0.670000000000000,0.051409104986064,0.584962406015038,0.415037593984962,0.948590895013936,0.584962406015038,0.948590895013936
0.680000000000000,0.049344482295860,0.574436090225564,0.425563909774436,0.950655517704140,0.574436090225564,0.950655517704140
0.690000000000000,0.047383090740167,0.560902255639098,0.439097744360902,0.952616909259833,0.560902255639098,0.952616909259833
0.700000000000000,0.045937854857025,0.548872180451128,0.451127819548872,0.954062145142975,0.548872180451128,0.954062145142975
0.710000000000000,0.043460307628781,0.535338345864662,0.464661654135338,0.956539692371219,0.535338345864662,0.956539692371219
0.720000000000000,0.042427996283679,0.521804511278195,0.478195488721805,0.957572003716321,0.521804511278195,0.957572003716321
0.730000000000000,0.040569835862496,0.514285714285714,0.485714285714286,0.959430164137504,0.514285714285714,0.959430164137504
0.740000000000000,0.038918137710333,0.502255639097744,0.497744360902256,0.961081862289667,0.502255639097744,0.961081862289667
0.750000000000000,0.036853515020130,0.482706766917293,0.517293233082707,0.963146484979870,0.482706766917293,0.963146484979870
0.760000000000000,0.035408279136988,0.479699248120301,0.520300751879699,0.964591720863012,0.479699248120301,0.964591720863012
0.770000000000000,0.033550118715805,0.466165413533835,0.533834586466165,0.966449881284195,0.466165413533835,0.966449881284195
0.780000000000000,0.031485496025601,0.446616541353383,0.553383458646617,0.968514503974399,0.446616541353383,0.968514503974399
0.790000000000000,0.029627335604418,0.434586466165414,0.565413533834586,0.970372664395582,0.434586466165414,0.970372664395582
0.800000000000000,0.027562712914215,0.418045112781955,0.581954887218045,0.972437287085785,0.418045112781955,0.972437287085785
0.810000000000000,0.025394859089501,0.412030075187970,0.587969924812030,0.974605140910499,0.412030075187970,0.974605140910499
0.820000000000000,0.024156085475379,0.398496240601504,0.601503759398496,0.975843914524621,0.398496240601504,0.975843914524621
0.830000000000000,0.021781769381646,0.395488721804511,0.604511278195489,0.978218230618354,0.395488721804511,0.978218230618354
0.840000000000000,0.020542995767523,0.387969924812030,0.612030075187970,0.979457004232477,0.387969924812030,0.979457004232477
0.850000000000000,0.019407453287912,0.381954887218045,0.618045112781955,0.980592546712088,0.381954887218045,0.980592546712088
0.860000000000000,0.018168679673790,0.368421052631579,0.631578947368421,0.981831320326210,0.368421052631579,0.981831320326210
0.870000000000000,0.016826674925157,0.345864661654135,0.654135338345865,0.983173325074843,0.345864661654135,0.983173325074843
0.880000000000000,0.015174976772995,0.336842105263158,0.663157894736842,0.984825023227005,0.336842105263158,0.984825023227005
0.890000000000000,0.013832972024363,0.300751879699248,0.699248120300752,0.986167027975637,0.300751879699248,0.986167027975637
0.900000000000000,0.012594198410241,0.279699248120301,0.720300751879699,0.987405801589759,0.279699248120301,0.987405801589759
0.910000000000000,0.011561887065139,0.260150375939850,0.739849624060150,0.988438112934861,0.260150375939850,0.988438112934861
0.920000000000000,0.009806957778466,0.242105263157895,0.757894736842105,0.990193042221534,0.242105263157895,0.990193042221534
0.930000000000000,0.008155259626303,0.224060150375940,0.775939849624060,0.991844740373697,0.224060150375940,0.991844740373697
0.940000000000000,0.007122948281202,0.203007518796992,0.796992481203007,0.992877051718798,0.203007518796992,0.992877051718798
0.950000000000000,0.005780943532569,0.180451127819549,0.819548872180451,0.994219056467431,0.180451127819549,0.994219056467431
0.960000000000000,0.004645401052958,0.141353383458647,0.858646616541353,0.995354598947042,0.141353383458647,0.995354598947042
0.970000000000000,0.003509858573346,0.102255639097744,0.897744360902256,0.996490141426654,0.102255639097744,0.996490141426654
0.980000000000000,0.002271084959224,0.067669172932331,0.932330827067669,0.997728915040776,0.067669172932331,0.997728915040776
0.990000000000000,0.000825849076081,0.031578947368421,0.968421052631579,0.999174150923919,0.031578947368421,0.999174150923919
